INSERT INTO `Clientes` (`ID`, `Nome`, `Email`, `Telefone`, `Endereco`, `Interesses`)
VALUES
(1, 'João Silva', 'joao.silva@example.com', '11999990001', 'Rua A, 123', 'Esportes, Leitura'),
(2, 'Maria Oliveira', 'maria.oliveira@example.com', '11999990002', 'Rua B, 456', 'Culinária, Viagens'),
(3, 'Pedro Santos', 'pedro.santos@example.com', '11999990003', 'Rua C, 789', 'Tecnologia, Música'),
(4, 'Ana Paula', 'ana.paula@example.com', '11999990004', 'Rua D, 101', 'Artes, Cinema'),
(5, 'Carlos Souza', 'carlos.souza@example.com', '11999990005', 'Rua E, 112', 'Fotografia, Dança'),
(6, 'Beatriz Lima', 'beatriz.lima@example.com', '11999990006', 'Rua F, 131', 'Moda, Esportes'),
(7, 'Lucas Almeida', 'lucas.almeida@example.com', '11999990007', 'Rua G, 415', 'Literatura, Música'),
(8, 'Laura Costa', 'laura.costa@example.com', '11999990008', 'Rua H, 161', 'Teatro, Culinária'),
(9, 'Marcos Pereira', 'marcos.pereira@example.com', '11999990009', 'Rua I, 718', 'Tecnologia, Leitura'),
(10, 'Sofia Ferreira', 'sofia.ferreira@example.com', '11999990010', 'Rua J, 192', 'Viagens, Cinema'),
(11, 'Rafael Rodrigues', 'rafael.rodrigues@example.com', '11999990011', 'Rua K, 220', 'Esportes, Música'),
(12, 'Fernanda Melo', 'fernanda.melo@example.com', '11999990012', 'Rua L, 334', 'Artes, Fotografia'),
(13, 'Gustavo Lima', 'gustavo.lima@example.com', '11999990013', 'Rua M, 558', 'Tecnologia, Dança'),
(14, 'Aline Souza', 'aline.souza@example.com', '11999990014', 'Rua N, 690', 'Culinária, Moda'),
(15, 'Thiago Silva', 'thiago.silva@example.com', '11999990015', 'Rua O, 712', 'Esportes, Teatro'),
(16, 'Gabriela Santos', 'gabriela.santos@example.com', '11999990016', 'Rua P, 833', 'Leitura, Moda'),
(17, 'Felipe Martins', 'felipe.martins@example.com', '11999990017', 'Rua Q, 945', 'Música, Viagens'),
(18, 'Mariana Carvalho', 'mariana.carvalho@example.com', '11999990018', 'Rua R, 167', 'Artes, Tecnologia'),
(19, 'Bruno Almeida', 'bruno.almeida@example.com', '11999990019', 'Rua S, 283', 'Fotografia, Leitura'),
(20, 'Camila Oliveira', 'camila.oliveira@example.com', '11999990020', 'Rua T, 412', 'Moda, Cinema'),
(21, 'André Costa', 'andre.costa@example.com', '11999990021', 'Rua U, 540', 'Teatro, Viagens');


INSERT INTO `Camp_Personalizados_Clientes` (`id_Cliente`, `campo_personalizado`, `detalhe`)
VALUES
(1, 'Comunicação via Mensagens de Texto', 'Cliente deficiente auditivo, comunicação somente via mensagens de texto.'),
(2, 'Informações Detalhadas', 'Cliente sempre com pressa, passar informações completas de forma concisa.'),
(3, 'Preferência por Camisetas', 'Cliente possui grande interesse em camisetas, sempre mostrar novos lançamentos.'),
(4, 'Atendimento Personalizado', 'Cliente gosta de conversar, dar atenção e inserir os produtos na conversa.'),
(5, 'Descontos Frequentes', 'Cliente valoriza muito descontos, sempre informar sobre promoções e ofertas.'),
(6, 'Preferência por Compras Online', 'Cliente prefere fazer compras online, evitar sugerir visitas à loja física.'),
(7, 'Atendimento Rápido', 'Cliente impaciente, fornecer atendimento rápido e direto ao ponto.'),
(8, 'Preferência por Produtos Ecológicos', 'Cliente valoriza produtos ecológicos e sustentáveis, destacar essas características.'),
(9, 'Comunicação via E-mail', 'Cliente prefere comunicação via e-mail, evitar ligações telefônicas.'),
(10, 'Preferência por Vestidos', 'Cliente possui grande interesse em vestidos, sempre mostrar novos lançamentos.'),
(11, 'Atendimento Detalhado', 'Cliente gosta de detalhes sobre os produtos, fornecer descrições completas.'),
(12, 'Atenção Especial', 'Cliente gosta de se sentir especial, utilizar seu nome frequentemente durante a conversa.'),
(13, 'Preferência por Marcas Conhecidas', 'Cliente valoriza produtos de marcas conhecidas, destacar essas opções.'),
(14, 'Evitar Contato Físico', 'Cliente prefere evitar contato físico, sugerir alternativas como entrega em domicílio.'),
(15, 'Preferência por Novidades', 'Cliente gosta de novidades, sempre informar sobre os lançamentos mais recentes.'),
(16, 'Comunicação via WhatsApp', 'Cliente prefere comunicação via WhatsApp, evitar outros meios de contato.'),
(17, 'Atendimento Pessoal', 'Cliente gosta de atendimento pessoal, sugerir visitas à loja e atendimento exclusivo.'),
(18, 'Preferência por Promoções', 'Cliente é atraída por promoções, sempre informar sobre descontos e ofertas especiais.'),
(19, 'Comunicação Formal', 'Cliente prefere comunicação formal e profissional, evitar linguagem informal.'),
(20, 'Atenção a Devoluções', 'Cliente frequentemente faz devoluções, informar claramente sobre a política de trocas e devoluções.'),
(21, 'Preferência por Atendimento Telefônico', 'Cliente prefere atendimento telefônico, evitar outros meios de comunicação.');

INSERT INTO `Atendimentos` (`id_Funcionario`, `id_Cliente`, `data_hora`, `tipo_atendimento`, `conteudo`, `atendimento`)
VALUES
(1, 1, '2024-07-01 10:30', 'Ligação', 'Discutido sobre os novos lançamentos de camisetas e coletadas preferências de cores e tamanhos.', 'disponivel'),
(2, 2, '2024-07-02 14:15', 'Mensagem de Texto', 'Informações sobre disponibilidade de tênis esportivos e ofertas especiais.', 'disponivel'),
(3, 3, '2024-07-03 09:45', 'Ligação', 'Esclarecimentos sobre os tamanhos disponíveis de blusas e sugestões de saias combinando.', 'disponivel'),
(4, 4, '2024-07-04 16:00', 'E-mail', 'Envio de catálogo de bermudas e camisetas com preços promocionais.', 'disponivel'),
(5, 5, '2024-07-05 11:30', 'Ligação', 'Discutido sobre os novos modelos de ternos e agendada uma visita à loja para prova.', 'disponivel'),
(6, 6, '2024-07-06 13:20', 'Mensagem de Texto', 'Atualização sobre o pedido de camisetas básicas e previsão de entrega.', 'disponivel'),
(7, 7, '2024-07-07 15:50', 'E-mail', 'Envio de novidades sobre bermudas esportivas e oferta especial para clientes fidelizados.', 'disponivel'),
(8, 8, '2024-07-08 10:00', 'Ligação', 'Consulta sobre novos modelos de camisas sociais e agendamento de visita para provar ternos.', 'disponivel'),
(9, 9, '2024-07-09 14:30', 'Mensagem de Texto', 'Informações sobre disponibilidade de jaquetas jeans e promoções de inverno.', 'disponivel'),
(10, 10, '2024-07-10 11:00', 'E-mail', 'Envio de catálogo de calças jeans e tênis com descontos exclusivos.', 'disponivel'),
(11, 11, '2024-07-11 16:45', 'Ligação', 'Discussão sobre modelos de sapatos sociais e agendamento de prova de ternos.', 'disponivel'),
(12, 12, '2024-07-12 09:15', 'Mensagem de Texto', 'Atualização sobre o pedido de bermudas e previsão de chegada na loja.', 'disponivel'),
(13, 13, '2024-07-13 14:00', 'E-mail', 'Envio de informações sobre jaquetas de couro e política de trocas.', 'disponivel'),
(14, 14, '2024-07-14 15:30', 'Ligação', 'Consulta sobre preferências de camisetas e calças e agendamento de visita para prova.', 'disponivel'),
(15, 15, '2024-07-15 13:00', 'Mensagem de Texto', 'Informações sobre novos modelos de tênis e previsão de chegada.', 'disponivel'),
(16, 16, '2024-07-16 11:45', 'E-mail', 'Envio de catálogo de bermudas e camisetas com descontos exclusivos.', 'disponivel'),
(17, 17, '2024-07-17 14:10', 'Ligação', 'Discussão sobre modelos de camisas e agendamento de prova de ternos.', 'disponivel'),
(18, 18, '2024-07-18 09:30', 'Mensagem de Texto', 'Atualização sobre o pedido de bermudas e previsão de chegada na loja.', 'disponivel'),
(19, 19, '2024-07-19 15:00', 'E-mail', 'Envio de informações sobre calças jeans e tênis esportivos com descontos especiais.', 'disponivel'),
(20, 20, '2024-07-20 10:20', 'Ligação', 'Consulta sobre novos modelos de sapatos sociais e agendamento de visita para prova.', 'disponivel');

INSERT INTO `Funcionarios` (`ID`, `Nome`, `Email`, `Telefone`, `Cargo`, `HorarioTrabalho`)
VALUES
(1, 'Ana Lima', 'ana.lima@loja.com', '(11) 91111-1111', 'Vendedora', 'Segunda a Sexta, 09:00 - 18:00'),
(2, 'Bruno Ferreira', 'bruno.ferreira@loja.com', '(21) 92222-2222', 'Vendedor', 'Segunda a Sábado, 10:00 - 19:00'),
(3, 'Carla Souza', 'carla.souza@loja.com', '(31) 93333-3333', 'Vendedora', 'Terça a Sábado, 08:00 - 17:00'),
(4, 'Daniel Costa', 'daniel.costa@loja.com', '(41) 94444-4444', 'Vendedor', 'Segunda a Sexta, 09:00 - 18:00'),
(5, 'Eliane Pereira', 'eliane.pereira@loja.com', '(51) 95555-5555', 'Vendedora', 'Segunda a Sábado, 10:00 - 19:00'),
(6, 'Felipe Mendes', 'felipe.mendes@loja.com', '(61) 96666-6666', 'Vendedor', 'Terça a Sábado, 08:00 - 17:00'),
(7, 'Gabriela Alves', 'gabriela.alves@loja.com', '(71) 97777-7777', 'Vendedora', 'Segunda a Sexta, 09:00 - 18:00'),
(8, 'Henrique Santos', 'henrique.santos@loja.com', '(81) 98888-8888', 'Vendedor', 'Segunda a Sábado, 10:00 - 19:00'),
(9, 'Isabel Silva', 'isabel.silva@loja.com', '(91) 99999-9999', 'Vendedora', 'Terça a Sábado, 08:00 - 17:00'),
(10, 'Jorge Martins', 'jorge.martins@loja.com', '(11) 90000-0000', 'Vendedor', 'Segunda a Sexta, 09:00 - 18:00'),
(11, 'Karina Oliveira', 'karina.oliveira@loja.com', '(21) 98989-8989', 'Vendedora', 'Segunda a Sábado, 10:00 - 19:00'),
(12, 'Lucas Souza', 'lucas.souza@loja.com', '(31) 97878-7878', 'Vendedor', 'Terça a Sábado, 08:00 - 17:00'),
(13, 'Mariana Silva', 'mariana.silva@loja.com', '(41) 96767-6767', 'Vendedora', 'Segunda a Sexta, 09:00 - 18:00'),
(14, 'Natan Lima', 'natan.lima@loja.com', '(51) 95656-5656', 'Vendedor', 'Segunda a Sábado, 10:00 - 19:00'),
(15, 'Olivia Santos', 'olivia.santos@loja.com', '(61) 94545-4545', 'Vendedora', 'Terça a Sábado, 08:00 - 17:00'),
(16, 'Pedro Almeida', 'pedro.almeida@loja.com', '(71) 93434-3434', 'Vendedor', 'Segunda a Sexta, 09:00 - 18:00'),
(17, 'Quitéria Oliveira', 'quiteria.oliveira@loja.com', '(81) 92323-2323', 'Vendedora', 'Segunda a Sábado, 10:00 - 19:00'),
(18, 'Ricardo Souza', 'ricardo.souza@loja.com', '(91) 91212-1212', 'Vendedor', 'Terça a Sábado, 08:00 - 17:00'),
(19, 'Sofia Lima', 'sofia.lima@loja.com', '(11) 90101-0101', 'Vendedora', 'Segunda a Sexta, 09:00 - 18:00'),
(20, 'Tiago Costa', 'tiago.costa@loja.com', '(21) 99090-9090', 'Vendedor', 'Segunda a Sábado, 10:00 - 19:00');
