INSERT INTO `Clientes` (`Nome`, `Email`, `Telefone`, `Endereco`, `Interesses`)
VALUES
('João Silva', 'joao.silva@email.com', '(11) 99999-9999', 'Rua das Flores, 123, São Paulo, SP', 'Camisetas, Tênis'),
('Maria Oliveira', 'maria.oliveira@email.com', '(21) 98888-8888', 'Av. Paulista, 456, Rio de Janeiro, RJ', 'Calças, Tênis'),
('Pedro Santos', 'pedro.santos@email.com', '(31) 97777-7777', 'Rua da Praia, 789, Belo Horizonte, MG', 'Tênis, Camisetas'),
('Ana Paula', 'ana.paula@email.com', '(41) 96666-6666', 'Rua das Orquídeas, 321, Curitiba, PR', 'Vestidos, Jaquetas'),
('Carlos Souza', 'carlos.souza@email.com', '(51) 95555-5555', 'Rua dos Lírios, 456, Porto Alegre, RS', 'Camisas, Calças'),
('Beatriz Lima', 'beatriz.lima@email.com', '(61) 94444-4444', 'Av. Central, 789, Brasília, DF', 'Blusas, Saias'),
('Lucas Almeida', 'lucas.almeida@email.com', '(71) 93333-3333', 'Rua das Palmeiras, 123, Salvador, BA', 'Bermudas, Camisetas'),
('Laura Costa', 'laura.costa@email.com', '(81) 92222-2222', 'Rua do Sol, 456, Recife, PE', 'Jaquetas, Tênis'),
('Marcos Pereira', 'marcos.pereira@email.com', '(91) 91111-1111', 'Av. das Estrelas, 789, Belém, PA', 'Ternos, Sapatos'),
('Sofia Ferreira', 'sofia.ferreira@email.com', '(11) 90000-0000', 'Rua das Violetas, 321, São Paulo, SP', 'Vestidos, Sandálias'),
('Rafael Rodrigues', 'rafael.rodrigues@email.com', '(21) 98989-8989', 'Rua das Rosas, 654, Rio de Janeiro, RJ', 'Camisetas, Calças'),
('Fernanda Melo', 'fernanda.melo@email.com', '(31) 97878-7878', 'Av. das Américas, 321, Belo Horizonte, MG', 'Blusas, Saias'),
('Gustavo Lima', 'gustavo.lima@email.com', '(41) 96767-6767', 'Rua das Margaridas, 123, Curitiba, PR', 'Bermudas, Tênis'),
('Aline Souza', 'aline.souza@email.com', '(51) 95656-5656', 'Rua das Acácias, 456, Porto Alegre, RS', 'Vestidos, Jaquetas'),
('Thiago Silva', 'thiago.silva@email.com', '(61) 94545-4545', 'Rua das Hortênsias, 789, Brasília, DF', 'Ternos, Camisas'),
('Gabriela Santos', 'gabriela.santos@email.com', '(71) 93434-3434', 'Rua das Palmeiras, 123, Salvador, BA', 'Saias, Blusas'),
('Felipe Martins', 'felipe.martins@email.com', '(81) 92323-2323', 'Rua do Mar, 456, Recife, PE', 'Bermudas, Camisetas'),
('Mariana Carvalho', 'mariana.carvalho@email.com', '(91) 91212-1212', 'Rua das Flores, 789, Belém, PA', 'Jaquetas, Sandálias'),
('Bruno Almeida', 'bruno.almeida@email.com', '(11) 90101-0101', 'Av. Paulista, 123, São Paulo, SP', 'Calças, Tênis'),
('Camila Oliveira', 'camila.oliveira@email.com', '(21) 99090-9090', 'Rua das Rosas, 456, Rio de Janeiro, RJ', 'Vestidos, Camisetas'),
('André Costa', 'andre.costa@email.com', '(31) 97979-7979', 'Rua das Palmeiras, 321, Belo Horizonte, MG', 'Ternos, Sapatos'),
('Patricia Lima', 'patricia.lima@email.com', '(41) 96868-6868', 'Rua das Flores, 654, Curitiba, PR', 'Blusas, Saias'),
('Eduardo Santos', 'eduardo.santos@email.com', '(51) 95757-5757', 'Rua das Orquídeas, 789, Porto Alegre, RS', 'Bermudas, Camisetas'),
('Renata Souza', 'renata.souza@email.com', '(61) 94646-4646', 'Av. Central, 123, Brasília, DF', 'Vestidos, Sandálias'),
('Marcelo Pereira', 'marcelo.pereira@email.com', '(71) 93535-3535', 'Rua das Palmeiras, 456, Salvador, BA', 'Jaquetas, Tênis'),
('Daniela Ferreira', 'daniela.ferreira@email.com', '(81) 92424-2424', 'Rua do Sol, 789, Recife, PE', 'Saias, Blusas'),
('Alexandre Rodrigues', 'alexandre.rodrigues@email.com', '(91) 91313-1313', 'Rua das Estrelas, 321, Belém, PA', 'Camisetas, Calças'),
('Raquel Lima', 'raquel.lima@email.com', '(11) 90202-0202', 'Rua das Violetas, 123, São Paulo, SP', 'Vestidos, Sandálias'),
('Igor Souza', 'igor.souza@email.com', '(21) 99191-9191', 'Rua das Rosas, 654, Rio de Janeiro, RJ', 'Tênis, Camisetas'),
('Tatiana Carvalho', 'tatiana.carvalho@email.com', '(31) 98080-8080', 'Av. das Américas, 456, Belo Horizonte, MG', 'Saias, Blusas'),
('Leonardo Santos', 'leonardo.santos@email.com', '(41) 96969-6969', 'Rua das Margaridas, 321, Curitiba, PR', 'Bermudas, Tênis'),
('Amanda Almeida', 'amanda.almeida@email.com', '(51) 95858-5858', 'Rua das Acácias, 789, Porto Alegre, RS', 'Vestidos, Jaquetas'),
('Henrique Lima', 'henrique.lima@email.com', '(61) 94747-4747', 'Rua das Hortênsias, 123, Brasília, DF', 'Ternos, Camisas'),
('Isabela Souza', 'isabela.souza@email.com', '(71) 93636-3636', 'Rua das Palmeiras, 654, Salvador, BA', 'Saias, Blusas'),
('Roberto Oliveira', 'roberto.oliveira@email.com', '(81) 92525-2525', 'Rua do Mar, 321, Recife, PE', 'Bermudas, Camisetas'),
('Simone Ferreira', 'simone.ferreira@email.com', '(91) 91414-1414', 'Rua das Flores, 456, Belém, PA', 'Jaquetas, Sandálias'),
('Fernando Rodrigues', 'fernando.rodrigues@email.com', '(11) 90303-0303', 'Av. Paulista, 789, São Paulo, SP', 'Calças, Tênis'),
('Juliana Costa', 'juliana.costa@email.com', '(21) 99292-9292', 'Rua das Rosas, 123, Rio de Janeiro, RJ', 'Vestidos, Camisetas'),
('Gabriel Lima', 'gabriel.lima@email.com', '(31) 98181-8181', 'Rua das Palmeiras, 456, Belo Horizonte, MG', 'Ternos, Sapatos'),
('Flávia Santos', 'flavia.santos@email.com', '(41) 97070-7070', 'Rua das Flores, 789, Curitiba, PR', 'Blusas, Saias'),
('Ricardo Souza', 'ricardo.souza@email.com', '(51) 95959-5959', 'Rua das Orquídeas, 123, Porto Alegre, RS', 'Bermudas, Camisetas'),
('Vanessa Lima', 'vanessa.lima@email.com', '(61) 94848-4848', 'Av. Central, 456, Brasília, DF', 'Vestidos, Sandálias'),
('Paulo Pereira', 'paulo.pereira@email.com', '(71) 93737-3737', 'Rua das Palmeiras, 789, Salvador, BA', 'Jaquetas, Tênis'),
('Elisa Ferreira', 'elisa.ferreira@email.com', '(81) 92626-2626', 'Rua do Sol, 321, Recife, PE', 'Saias, Blusas'),
('Hugo Rodrigues', 'hugo.rodrigues@email.com', '(91) 91515-1515', 'Rua das Estrelas, 456, Belém, PA', 'Camisetas, Calças'),
('Clara Oliveira', 'clara.oliveira@email.com', '(11) 90404-0404', 'Rua das Violetas, 789, São Paulo, SP', 'Vestidos, Sandálias'),
('Andréa Souza', 'andrea.souza@email.com', '(21) 99393-9393', 'Rua das Rosas, 654, Rio de Janeiro, RJ', 'Tênis, Camisetas'),
('Leandro Carvalho', 'leandro.carvalho@email.com', '(31) 98282-8282', 'Av. das Américas, 123, Belo Horizonte, MG', 'Saias, Blusas'),
('Bianca Santos', 'bianca.santos@email.com', '(41) 97171-7171', 'Rua das Margaridas, 456, Curitiba, PR', 'Bermudas, Tênis'),
('Renato Almeida', 'renato.almeida@email.com', '(51) 96060-6060', 'Rua das Acácias, 321, Porto Alegre, RS', 'Vestidos, Jaquetas');

INSERT INTO `Camp_Personalizados_Clientes` (`NomeCliente`, `campo_personalizado`, `detalhe`)
VALUES
('João Silva', 'Comunicação via Mensagens de Texto', 'Cliente deficiente auditivo, comunicação somente via mensagens de texto.'),
('Maria Oliveira', 'Informações Detalhadas', 'Cliente sempre com pressa, passar informações completas de forma concisa.'),
('Pedro Santos', 'Preferência por Camisetas', 'Cliente possui grande interesse em camisetas, sempre mostrar novos lançamentos.'),
('Ana Paula', 'Atendimento Personalizado', 'Cliente gosta de conversar, dar atenção e inserir os produtos na conversa.'),
('Carlos Souza', 'Descontos Frequentes', 'Cliente valoriza muito descontos, sempre informar sobre promoções e ofertas.'),
('Beatriz Lima', 'Preferência por Compras Online', 'Cliente prefere fazer compras online, evitar sugerir visitas à loja física.'),
('Lucas Almeida', 'Atendimento Rápido', 'Cliente impaciente, fornecer atendimento rápido e direto ao ponto.'),
('Laura Costa', 'Preferência por Produtos Ecológicos', 'Cliente valoriza produtos ecológicos e sustentáveis, destacar essas características.'),
('Marcos Pereira', 'Comunicação via E-mail', 'Cliente prefere comunicação via e-mail, evitar ligações telefônicas.'),
('Sofia Ferreira', 'Preferência por Vestidos', 'Cliente possui grande interesse em vestidos, sempre mostrar novos lançamentos.'),
('Rafael Rodrigues', 'Atendimento Detalhado', 'Cliente gosta de detalhes sobre os produtos, fornecer descrições completas.'),
('Fernanda Melo', 'Atenção Especial', 'Cliente gosta de se sentir especial, utilizar seu nome frequentemente durante a conversa.'),
('Gustavo Lima', 'Preferência por Marcas Conhecidas', 'Cliente valoriza produtos de marcas conhecidas, destacar essas opções.'),
('Aline Souza', 'Evitar Contato Físico', 'Cliente prefere evitar contato físico, sugerir alternativas como entrega em domicílio.'),
('Thiago Silva', 'Preferência por Novidades', 'Cliente gosta de novidades, sempre informar sobre os lançamentos mais recentes.'),
('Gabriela Santos', 'Comunicação via WhatsApp', 'Cliente prefere comunicação via WhatsApp, evitar outros meios de contato.'),
('Felipe Martins', 'Atendimento Pessoal', 'Cliente gosta de atendimento pessoal, sugerir visitas à loja e atendimento exclusivo.'),
('Mariana Carvalho', 'Preferência por Promoções', 'Cliente é atraída por promoções, sempre informar sobre descontos e ofertas especiais.'),
('Bruno Almeida', 'Comunicação Formal', 'Cliente prefere comunicação formal e profissional, evitar linguagem informal.'),
('Camila Oliveira', 'Atenção a Devoluções', 'Cliente frequentemente faz devoluções, informar claramente sobre a política de trocas e devoluções.'),
('André Costa', 'Preferência por Atendimento Telefônico', 'Cliente prefere atendimento telefônico, evitar outros meios de comunicação.');

INSERT INTO `Atendimentos` (`NomeFuncionario`, `NomeCliente`, `data_hora`, `tipo_atendimento`, `conteudo`, `atendimento`)
VALUES
('Ana Lima', 'João Silva', '2024-07-01 10:30', 'Ligação', 'Discutido sobre os novos lançamentos de camisetas e coletadas preferências de cores e tamanhos.', 'disponivel'),
('Bruno Ferreira', 'Pedro Santos', '2024-07-02 14:15', 'Mensagem de Texto', 'Informações sobre disponibilidade de tênis esportivos e ofertas especiais.', 'disponivel'),
('Carla Souza', 'Beatriz Lima', '2024-07-03 09:45', 'Ligação', 'Esclarecimentos sobre os tamanhos disponíveis de blusas e sugestões de saias combinando.', 'disponivel'),
('Daniel Costa', 'Lucas Almeida', '2024-07-04 16:00', 'E-mail', 'Envio de catálogo de bermudas e camisetas com preços promocionais.', 'disponivel'),
('Eliane Pereira', 'Marcos Pereira', '2024-07-05 11:30', 'Ligação', 'Discutido sobre os novos modelos de ternos e agendada uma visita à loja para prova.', 'disponivel'),
('Felipe Mendes', 'Rafael Rodrigues', '2024-07-06 13:20', 'Mensagem de Texto', 'Atualização sobre o pedido de camisetas básicas e previsão de entrega.', 'disponivel'),
('Gabriela Alves', 'Gustavo Lima', '2024-07-07 15:50', 'E-mail', 'Envio de novidades sobre bermudas esportivas e oferta especial para clientes fidelizados.', 'disponivel'),
('Henrique Santos', 'Thiago Silva', '2024-07-08 10:00', 'Ligação', 'Consulta sobre novos modelos de camisas sociais e agendamento de visita para provar ternos.', 'disponivel'),
('Isabel Silva', 'Felipe Martins', '2024-07-09 14:30', 'Mensagem de Texto', 'Informações sobre disponibilidade de jaquetas jeans e promoções de inverno.', 'disponivel'),
('Jorge Martins', 'Bruno Almeida', '2024-07-10 11:00', 'E-mail', 'Envio de catálogo de calças jeans e tênis com descontos exclusivos.', 'disponivel'),
('Karina Oliveira', 'André Costa', '2024-07-11 16:45', 'Ligação', 'Discussão sobre modelos de sapatos sociais e agendamento de prova de ternos.', 'disponivel'),
('Lucas Souza', 'Eduardo Santos', '2024-07-12 09:15', 'Mensagem de Texto', 'Atualização sobre o pedido de bermudas e previsão de chegada na loja.', 'disponivel'),
('Mariana Silva', 'Marcelo Pereira', '2024-07-13 14:00', 'E-mail', 'Envio de informações sobre jaquetas de couro e política de trocas.', 'disponivel'),
('Natan Lima', 'Alexandre Rodrigues', '2024-07-14 15:30', 'Ligação', 'Consulta sobre preferências de camisetas e calças e agendamento de visita para prova.', 'disponivel'),
('Olivia Santos', 'Igor Souza', '2024-07-15 13:00', 'Mensagem de Texto', 'Informações sobre novos modelos de tênis e previsão de chegada.', 'disponivel'),
('Pedro Almeida', 'Leonardo Santos', '2024-07-16 11:45', 'E-mail', 'Envio de catálogo de bermudas e camisetas com descontos exclusivos.', 'disponivel'),
('Quitéria Oliveira', 'Henrique Lima', '2024-07-17 14:10', 'Ligação', 'Discussão sobre modelos de camisas e agendamento de prova de ternos.', 'disponivel'),
('Ricardo Souza', 'Roberto Oliveira', '2024-07-18 09:30', 'Mensagem de Texto', 'Atualização sobre o pedido de bermudas e previsão de chegada na loja.', 'disponivel'),
('Sofia Lima', 'Fernando Rodrigues', '2024-07-19 15:00', 'E-mail', 'Envio de informações sobre calças jeans e tênis esportivos com descontos especiais.', 'disponivel'),
('Tiago Costa', 'Gabriel Lima', '2024-07-20 10:20', 'Ligação', 'Consulta sobre novos modelos de sapatos sociais e agendamento de visita para prova.', 'disponivel');


INSERT INTO `Funcionarios` (`ID`, `Nome`, `Email`, `Telefone`, `Cargo`, `HorarioTrabalho`, `ClientesAtendidos`)
VALUES
(1, 'Ana Lima', 'ana.lima@loja.com', '(11) 91111-1111', 'Vendedora', 'Segunda a Sexta, 09:00 - 18:00', 'João Silva, Maria Oliveira'),
(2, 'Bruno Ferreira', 'bruno.ferreira@loja.com', '(21) 92222-2222', 'Vendedor', 'Segunda a Sábado, 10:00 - 19:00', 'Pedro Santos, Ana Paula'),
(3, 'Carla Souza', 'carla.souza@loja.com', '(31) 93333-3333', 'Vendedora', 'Terça a Sábado, 08:00 - 17:00', 'Carlos Souza, Beatriz Lima'),
(4, 'Daniel Costa', 'daniel.costa@loja.com', '(41) 94444-4444', 'Vendedor', 'Segunda a Sexta, 09:00 - 18:00', 'Lucas Almeida, Laura Costa,),
(5, 'Eliane Pereira', 'eliane.pereira@loja.com', '(51) 95555-5555', 'Vendedora', 'Segunda a Sábado, 10:00 - 19:00', 'Marcos Pereira, Sofia Ferreira'),
(6, 'Felipe Mendes', 'felipe.mendes@loja.com', '(61) 96666-6666', 'Vendedor', 'Terça a Sábado, 08:00 - 17:00', 'Rafael Rodrigues, Fernanda Melo'),
(7, 'Gabriela Alves', 'gabriela.alves@loja.com', '(71) 97777-7777', 'Vendedora', 'Segunda a Sexta, 09:00 - 18:00', 'Gustavo Lima, Aline Souza'),
(8, 'Henrique Santos', 'henrique.santos@loja.com', '(81) 98888-8888', 'Vendedor', 'Segunda a Sábado, 10:00 - 19:00', 'Thiago Silva, Gabriela Santos'),
(9, 'Isabel Silva', 'isabel.silva@loja.com', '(91) 99999-9999', 'Vendedora', 'Terça a Sábado, 08:00 - 17:00', 'Felipe Martins, Mariana Carvalho'),
(10, 'Jorge Martins', 'jorge.martins@loja.com', '(11) 90000-0000', 'Vendedor', 'Segunda a Sexta, 09:00 - 18:00', ' Bruno Almeida, Camila Oliveira'),
(11, 'Karina Oliveira', 'karina.oliveira@loja.com', '(21) 98989-8989', 'Vendedora', 'Segunda a Sábado, 10:00 - 19:00', 'André Costa, Patricia Lima'),
(12, 'Lucas Souza', 'lucas.souza@loja.com', '(31) 97878-7878', 'Vendedor', 'Terça a Sábado, 08:00 - 17:00', 'Eduardo Santos, Renata Souza'),
(13, 'Mariana Silva', 'mariana.silva@loja.com', '(41) 96767-6767', 'Vendedora', 'Segunda a Sexta, 09:00 - 18:00', 'Marcelo Pereira, Daniela Ferreira'),
(14, 'Natan Lima', 'natan.lima@loja.com', '(51) 95656-5656', 'Vendedor', 'Segunda a Sábado, 10:00 - 19:00', 'Alexandre Rodrigues, Raquel Lima'),
(15, 'Olivia Santos', 'olivia.santos@loja.com', '(61) 94545-4545', 'Vendedora', 'Terça a Sábado, 08:00 - 17:00', 'Igor Souza, Tatiana Carvalho'),
(16, 'Pedro Almeida', 'pedro.almeida@loja.com', '(71) 93434-3434', 'Vendedor', 'Segunda a Sexta, 09:00 - 18:00', 'Leonardo Santos, Amanda Almeida'),
(17, 'Quitéria Oliveira', 'quiteria.oliveira@loja.com', '(81) 92323-2323', 'Vendedora', 'Segunda a Sábado, 10:00 - 19:00', 'Henrique Lima, Isabela Souza'),
(18, 'Ricardo Souza', 'ricardo.souza@loja.com', '(91) 91212-1212', 'Vendedor', 'Terça a Sábado, 08:00 - 17:00', 'Roberto Oliveira, Simone Ferreira'),
(19, 'Sofia Lima', 'sofia.lima@loja.com', '(11) 90101-0101', 'Vendedora', 'Segunda a Sexta, 09:00 - 18:00', 'Fernando Rodrigues, Juliana Costa'),
(20, 'Tiago Costa', 'tiago.costa@loja.com', '(21) 99090-9090', 'Vendedor', 'Segunda a Sábado, 10:00 - 19:00', 'Gabriel Lima, Flávia Santos');

INSERT INTO `Produtos` (`Preco`, `Estoque`, `Variacoes`, `Descricao_Produto`, `Nome_Produto`)
VALUES 
(29.90, 100, 'Tamanhos (P, M, G, GG)', 'Camiseta básica branca 100% algodão', 'Camiseta Básica Branca'),
(29.90, 80, 'Tamanhos (P, M, G, GG)', 'Camiseta básica preta 100% algodão', 'Camiseta Básica Preta'),
(99.90, 50, 'Tamanhos (38, 40, 42, 44)', 'Calça jeans azul escuro', 'Calça Jeans Azul'),
(99.90, 40, 'Tamanhos (38, 40, 42, 44)', 'Calça jeans preta', 'Calça Jeans Preta'),
(199.90, 60, 'Tamanhos (39, 40, 41, 42, 43)', 'Tênis esportivo branco', 'Tênis Esportivo Branco'),
(199.90, 70, 'Tamanhos (39, 40, 41, 42, 43)', 'Tênis esportivo preto', 'Tênis Esportivo Preto'),
(79.90, 30, 'Tamanhos (P, M, G, GG)', 'Camisa social azul claro', 'Camisa Social Azul'),
(79.90, 25, 'Tamanhos (P, M, G, GG)', 'Camisa social branca', 'Camisa Social Branca'),
(129.90, 45, 'Tamanhos (P, M, G)', 'Vestido floral de verão', 'Vestido Floral'),
(139.90, 35, 'Tamanhos (P, M, G)', 'Vestido preto elegante', 'Vestido Preto'),
(159.90, 20, 'Tamanhos (P, M, G, GG)', 'Jaqueta jeans clássica', 'Jaqueta Jeans'),
(299.90, 15, 'Tamanhos (P, M, G, GG)', 'Jaqueta de couro preta', 'Jaqueta de Couro'),
(89.90, 50, 'Tamanhos (P, M, G, GG)', 'Blusa de tricô cinza', 'Blusa de Tricô Cinza'),
(89.90, 45, 'Tamanhos (P, M, G, GG)', 'Blusa de tricô vermelha', 'Blusa de Tricô Vermelha'),
(59.90, 60, 'Tamanhos (38, 40, 42, 44)', 'Bermuda de sarja bege', 'Bermuda de Sarja'),
(69.90, 55, 'Tamanhos (38, 40, 42, 44)', 'Bermuda jeans azul', 'Bermuda Jeans'),
(79.90, 30, 'Tamanhos (P, M, G)', 'Saia midi estampada', 'Saia Midi'),
(69.90, 25, 'Tamanhos (P, M, G)', 'Saia curta preta', 'Saia Curta'),
(99.90, 40, 'Tamanhos (P, M, G, GG)', 'Moletom cinza com capuz', 'Moletom Cinza'),
(99.90, 35, 'Tamanhos (P, M, G, GG)', 'Moletom preto com capuz', 'Moletom Preto'),
(49.90, 70, 'Tamanhos (P, M, G, GG)', 'Short esportivo azul', 'Short Esportivo'),
(39.90, 65, 'Tamanhos (P, M, G, GG)', 'Short de praia colorido', 'Short de Praia'),
(399.90, 10, 'Tamanhos (48, 50, 52, 54)', 'Terno preto clássico', 'Terno Preto'),
(399.90, 12, 'Tamanhos (48, 50, 52, 54)', 'Terno azul marinho', 'Terno Azul Marinho'),
(49.90, 80, 'Tamanhos (P, M, G, GG)', 'Cinto de couro preto', 'Cinto de Couro Preto'),
(49.90, 75, 'Tamanhos (P, M, G, GG)', 'Cinto de couro marrom', 'Cinto de Couro Marrom'),
(29.90, 90, 'Tamanhos (Único)', 'Boné azul com logo', 'Boné Azul'),
(29.90, 85, 'Tamanhos (Único)', 'Boné preto com logo', 'Boné Preto'),
(199.90, 50, 'Cores (Preto, Marrom)', 'Relógio de pulso com pulseira de couro', 'Relógio de Pulso'),
(149.90, 60, 'Cores (Preto, Marrom)', 'Óculos de sol com proteção UV', 'Óculos de Sol'),
(19.90, 100, 'Tamanhos (P, M, G)', 'Par de meias brancas', 'Meias Brancas'),
(19.90, 95, 'Tamanhos (P, M, G)', 'Par de meias pretas', 'Meias Pretas'),
(29.90, 80, 'Cores (Preto, Branco, Cinza)', 'Cueca boxer de algodão', 'Cueca Boxer'),
(39.90, 70, 'Cores (Preto, Branco, Vermelho)', 'Sutiã rendado', 'Sutiã Rendado'),
(99.90, 60, 'Tamanhos (35, 36, 37, 38, 39)', 'Sandália feminina de couro', 'Sandália Feminina'),
(89.90, 55, 'Tamanhos (39, 40, 41, 42, 43)', 'Sandália masculina de couro', 'Sandália Masculina'),
(199.90, 30, 'Tamanhos (35, 36, 37, 38, 39)', 'Bota feminina de cano longo', 'Bota Feminina'),
(199.90, 25, 'Tamanhos (39, 40, 41, 42, 43)', 'Bota masculina de couro', 'Bota Masculina'),
(159.90, 40, 'Tamanhos (39, 40, 41, 42, 43)', 'Sapato social masculino preto', 'Sapato Social Masculino'),
(159.90, 35, 'Tamanhos (35, 36, 37, 38, 39)', 'Sapato social feminino preto', 'Sapato Social Feminino'),
(299.90, 20, 'Tamanhos (48, 50, 52, 54)', 'Blazer masculino azul marinho', 'Blazer Masculino'),
(299.90, 15, 'Tamanhos (P, M, G, GG)', 'Blazer feminino preto', 'Blazer Feminino'),
(29.90, 90, 'Cores (Preto, Branco, Vermelho)', 'Regata esportiva', 'Regata Esportiva'),
(79.90, 50, 'Tamanhos (P, M, G, GG)', 'Calça moletom cinza', 'Calça Moletom'),
(59.90, 40, 'Tamanhos (P, M, G, GG)', 'Camiseta polo azul', 'Camiseta Polo'),
(49.90, 70, 'Tamanhos (P, M, G, GG)', 'Camiseta estampada', 'Camiseta Estampada'),
(149.90, 25, 'Cores (Preto, Vermelho, Azul)', 'Jaqueta de nylon', 'Jaqueta de Nylon'),
(29.90, 60, 'Cores (Preto, Cinza, Vermelho)', 'Gorro de lã', 'Gorro de Lã'),
(29.90, 50, 'Cores (Preto, Cinza, Vermelho)', 'Par de luvas de lã', 'Luvas de Lã'),
(39.90, 40, 'Cores (Preto, Branco, Vermelho)', 'Cachecol de lã', 'Cachecol de Lã'),
(59.90, 70, 'Cores (Branco, Azul, Preto)', 'Camiseta com proteção UV', 'Camiseta UV'),
(39.90, 30, 'Tamanhos (Único)', 'Chapéu de palha para praia', 'Chapéu de Palha'),
(89.90, 50, 'Tamanhos (35, 36, 37, 38, 39)', 'Sapatilha feminina preta', 'Sapatilha Feminina'),
(29.90, 100, 'Cores (Preto, Azul, Branco)', 'Chinelo de borracha', 'Chinelo de Borracha'),
(69.90, 60, 'Tamanhos (P, M, G, GG)', 'Calça legging preta', 'Calça Legging'),
(49.90, 40, 'Cores (Preto, Branco, Rosa)', 'Blusa canelada', 'Blusa Canelada'),
(39.90, 80, 'Cores (Branco, Preto, Cinza)', 'Camiseta 100% algodão', 'Camiseta de Algodão'),
(119.90, 30, 'Cores (Preto, Azul)', 'Colete masculino', 'Colete Masculino'),
(119.90, 25, 'Cores (Preto, Vermelho)', 'Colete feminino', 'Colete Feminino'),
(149.90, 40, 'Tamanhos (P, M, G)', 'Macacão feminino', 'Macacão Feminino'),
(49.90, 70, 'Tamanhos (P, M, G, GG)', 'Calça pijama', 'Calça Pijama'),
(129.90, 35, 'Tamanhos (P, M, G, GG)', 'Jaqueta esportiva', 'Jaqueta Esportiva'),
(59.90, 60, 'Cores (Preto, Branco, Cinza)', 'Camiseta manga longa', 'Camiseta Manga Longa'),
(39.90, 70, 'Tamanhos (P, M, G, GG)', 'Bermuda esportiva', 'Bermuda Esportiva'),
(159.90, 30, 'Tamanhos (P, M, G)', 'Vestido longo', 'Vestido Longo'),
(79.90, 40, 'Tamanhos (38, 40, 42, 44)', 'Bermuda tática', 'Bermuda Tática'),
(99.90, 50, 'Tamanhos (38, 40, 42, 44)', 'Calça carga', 'Calça Carga'),
(89.90, 55, 'Tamanhos (P, M, G, GG)', 'Blusa de moletom', 'Blusa de Moletom'),
(29.90, 80, 'Cores (Branco, Preto, Rosa)', 'Regata feminina', 'Regata Feminina'),
(49.90, 70, 'Cores (Preto e Branco, Cinza, Preto)', 'Camiseta raglan', 'Camiseta Raglan'),
(79.90, 30, 'Tamanhos (P, M, G, GG)', 'Calça de velo', 'Calça de Velo');


INSERT INTO interesse_e_temperatura (NomeCliente, produto, quantidade, valor_total, status, pedido) VALUES
('João Silva', 'Camiseta Básica Branca', 2, 59.80, 'Concluído', 002),
('Maria Oliveira', 'Calça Jeans Azul', 1, 99.90, 'Em Andamento', 003),
('Pedro Santos', 'Tênis Esportivo Branco', 1, 199.90, 'Cancelado', 004),
('Ana Paula', 'Vestido Floral', 1, 129.90, 'Concluído', 005),
('Carlos Souza', 'Camisa Social Azul', 3, 239.70, 'Em Andamento', 006),
('Beatriz Lima', 'Blusa de Tricô Cinza', 2, 179.80, 'Concluído', 007),
('Lucas Almeida', 'Bermuda de Sarja', 1, 59.90, 'Cancelado', 008),
('Laura Costa', 'Jaqueta Jeans', 1, 159.90, 'Concluído', 009),
('Marcos Pereira', 'Terno Preto', 1, 399.90, 'Em Andamento', 010),
('Sofia Ferreira', 'Vestido Preto', 1, 139.90, 'Concluído', 011),
('Rafael Rodrigues', 'Camiseta Básica Preta', 2, 59.80, 'Concluído', 012),
('Fernanda Melo', 'Saia Midi', 1, 79.90, 'Em Andamento', 013),
('Gustavo Lima', 'Tênis Esportivo Preto', 1, 199.90, 'Concluído', 014),
('Aline Souza', 'Jaqueta de Couro', 1, 299.90, 'Cancelado', 015),
('Thiago Silva', 'Cinto de Couro Preto', 1, 49.90, 'Concluído', 016),
('Gabriela Santos', 'Blusa de Tricô Vermelha', 1, 89.90, 'Em Andamento', 017),
('Felipe Martins', 'Bermuda Jeans', 1, 69.90, 'Concluído', 018),
('Mariana Carvalho', 'Jaqueta Jeans', 1, 159.90, 'Concluído', 019),
('Bruno Almeida', 'Calça Jeans Preta', 1, 99.90, 'Em Andamento', 020),
('Camila Oliveira', 'Vestido Floral', 1, 129.90, 'Cancelado', 021),
('André Costa', 'Sapato Social Masculino', 1, 159.90, 'Concluído', 022),
('Patricia Lima', 'Saia Curta', 2, 139.80, 'Concluído', 023),
('Eduardo Santos', 'Tênis Esportivo Branco', 1, 199.90, 'Em Andamento', 024),
('Renata Souza', 'Sandália Feminina', 1, 99.90, 'Concluído', 025),
('Marcelo Pereira', 'Jaqueta de Couro', 1, 299.90, 'Cancelado', 026),
('Daniela Ferreira', 'Blusa de Tricô Cinza', 1, 89.90, 'Concluído', 027),
('Alexandre Rodrigues', 'Camiseta Básica Branca', 2, 59.80, 'Em Andamento', 028),
('Raquel Lima', 'Vestido Preto', 1, 139.90, 'Concluído', 029),
('Igor Souza', 'Bermuda de Sarja', 1, 59.90, 'Cancelado', 030),
('Tatiana Carvalho', 'Saia Midi', 1, 79.90, 'Concluído', 031),
('Leonardo Santos', 'Tênis Esportivo Preto', 1, 199.90, 'Em Andamento', 032),
('Amanda Almeida', 'Jaqueta Jeans', 1, 159.90, 'Concluído', 033),
('Henrique Lima', 'Terno Preto', 1, 399.90, 'Concluído', 034),
('Isabela Souza', 'Blusa de Tricô Vermelha', 1, 89.90, 'Em Andamento', 035),
('Roberto Oliveira', 'Bermuda Jeans', 1, 69.90, 'Concluído', 036),
('Simone Ferreira', 'Jaqueta de Couro', 1, 299.90, 'Cancelado', 037),
('Fernando Rodrigues', 'Calça Jeans Azul', 1, 99.90, 'Em Andamento', 038),
('Juliana Costa', 'Vestido Floral', 1, 129.90, 'Concluído', 039),
('Gabriel Lima', 'Sapato Social Masculino', 1, 159.90, 'Concluído', 040),
('Flávia Santos', 'Blusa de Tricô Cinza', 1, 89.90, 'Em Andamento', 041),
('Ricardo Souza', 'Bermuda de Sarja', 1, 59.90, 'Concluído', 042),
('Vanessa Lima', 'Sandália Feminina', 1, 99.90, 'Cancelado', 043),
('Paulo Pereira', 'Jaqueta Jeans', 1, 159.90, 'Concluído', 044),
('Elisa Ferreira', 'Saia Midi', 1, 79.90, 'Em Andamento', 045),
('Hugo Rodrigues', 'Camiseta Básica Preta', 2, 59.80, 'Concluído', 046),
('Clara Oliveira', 'Vestido Preto', 1, 139.90, 'Concluído', 047),
('Andréa Souza', 'Bermuda de Sarja', 1, 59.90, 'Cancelado', 048),
('Leandro Carvalho', 'Saia Curta', 1, 69.90, 'Em Andamento', 049),
('Bianca Santos', 'Tênis Esportivo Branco', 1, 199.90, 'Concluído', 050),
('Renato Almeida', 'Jaqueta de Couro', 1, 299.90, 'Concluído', 051),
('João Silva', 'Tênis Esportivo Preto', 1, 199.90, 'Concluído', 052),
('Maria Oliveira', 'Vestido Preto', 1, 139.90, 'Em Andamento', 053),
('Pedro Santos', 'Bermuda Jeans', 1, 69.90, 'Concluído', 054),
('Ana Paula', 'Blusa de Tricô Vermelha', 1, 89.90, 'Cancelado', 055),
('Carlos Souza', 'Calça Jeans Azul', 1, 99.90, 'Concluído', 056),
('Beatriz Lima', 'Sandália Feminina', 1, 99.90, 'Em Andamento', 057),
('Lucas Almeida', 'Camiseta Básica Branca', 2, 59.80, 'Concluído', 058),
('Laura Costa', 'Jaqueta Jeans', 1, 159.90, 'Cancelado', 059),
('Marcos Pereira', 'Terno Preto', 1, 399.90, 'Concluído', 060),
('Sofia Ferreira', 'Vestido Floral', 1, 129.90, 'Em Andamento', 061),
('Rafael Rodrigues', 'Blusa de Tricô Cinza', 1, 89.90, 'Concluído', 062),
('Fernanda Melo', 'Jaqueta de Couro', 1, 299.90, 'Cancelado', 063),
('Gustavo Lima', 'Calça Jeans Azul', 1, 99.90, 'Concluído', 064),
('Aline Souza', 'Vestido Preto', 1, 139.90, 'Em Andamento', 065),
('Thiago Silva', 'Bermuda de Sarja', 1, 59.90, 'Concluído', 066),
('Gabriela Santos', 'Camiseta Básica Preta', 2, 59.80, 'Concluído', 067),
('Felipe Martins', 'Jaqueta Jeans', 1, 159.90, 'Em Andamento', 068),
('Mariana Carvalho', 'Tênis Esportivo Branco', 1, 199.90, 'Concluído', 069),
('Bruno Almeida', 'Calça Jeans Azul', 1, 99.90, 'Cancelado', 070),
('Camila Oliveira', 'Vestido Floral', 1, 129.90, 'Concluído', 071),
('André Costa', 'Sapato Social Masculino', 1, 159.90, 'Em Andamento', 072),
('Patricia Lima', 'Saia Curta', 1, 69.90, 'Concluído', 073),
('Eduardo Santos', 'Blusa de Tricô Vermelha', 1, 89.90, 'Cancelado', 074),
('Renata Souza', 'Camiseta Básica Branca', 2, 59.80, 'Concluído', 075),
('Marcelo Pereira', 'Calça Jeans Azul', 1, 99.90, 'Em Andamento', 076),
('Daniela Ferreira', 'Vestido Preto', 1, 139.90, 'Concluído', 077),
('Alexandre Rodrigues', 'Bermuda de Sarja', 1, 59.90, 'Cancelado', 078),
('Raquel Lima', 'Jaqueta de Couro', 1, 299.90, 'Concluído', 079),
('Igor Souza', 'Saia Midi', 1, 79.90, 'Em Andamento', 080),
('Tatiana Carvalho', 'Tênis Esportivo Preto', 1, 199.90, 'Concluído', 081),
('Leonardo Santos', 'Jaqueta Jeans', 1, 159.90, 'Cancelado', 082),
('Amanda Almeida', 'Calça Jeans Azul', 1, 99.90, 'Concluído', 083),
('Henrique Lima', 'Vestido Floral', 1, 129.90, 'Em Andamento', 084),
('Isabela Souza', 'Blusa de Tricô Cinza', 1, 89.90, 'Concluído', 085),
('Roberto Oliveira', 'Tênis Esportivo Branco', 1, 199.90, 'Cancelado', 086),
('Simone Ferreira', 'Saia Curta', 1, 69.90, 'Concluído', 087),
('Fernando Rodrigues', 'Camiseta Básica Preta', 2, 59.80, 'Em Andamento', 088),
('Juliana Costa', 'Jaqueta de Couro', 1, 299.90, 'Concluído', 089),
('Gabriel Lima', 'Calça Jeans Azul', 1, 99.90, 'Cancelado', 090),
('Flávia Santos', 'Vestido Preto', 1, 139.90, 'Concluído', 091),
('Ricardo Souza', 'Blusa de Tricô Vermelha', 1, 89.90, 'Em Andamento', 092),
('Vanessa Lima', 'Bermuda Jeans', 1, 69.90, 'Concluído', 093),
('Paulo Pereira', 'Tênis Esportivo Preto', 1, 199.90, 'Concluído', 094),
('Elisa Ferreira', 'Jaqueta Jeans', 1, 159.90, 'Cancelado', 095),
('Hugo Rodrigues', 'Vestido Floral', 1, 129.90, 'Concluído', 096),
('Clara Oliveira', 'Calça Jeans Azul', 1, 99.90, 'Em Andamento', 097),
('Andréa Souza', 'Tênis Esportivo Branco', 1, 199.90, 'Concluído', 098),
('Leandro Carvalho', 'Jaqueta de Couro', 1, 299.90, 'Cancelado', 099),
('Bianca Santos', 'Vestido Preto', 1, 139.90, 'Concluído', 100);


INSERT INTO cliente_atendidos_por_funcionario (NomeFuncionario, NomeCliente) VALUES
('Ana Lima', 'João Silva, Maria Oliveira'),
('Bruno Ferreira', 'Pedro Santos, Ana Paula'),
('Carla Souza', 'Carlos Souza, Beatriz Lima'),
('Daniel Costa', 'Lucas Almeida, Laura Costa'),
('Eliane Pereira', 'Marcos Pereira, Sofia Ferreira'),
('Felipe Mendes', 'Rafael Rodrigues, Fernanda Melo'),
('Gabriela Alves', 'Gustavo Lima, Aline Souza'),
('Henrique Santos', 'Thiago Silva, Gabriela Santos'),
('Isabel Silva', 'Felipe Martins, Mariana Carvalho'),
('Jorge Martins', 'Bruno Almeida, Camila Oliveira'),
('Karina Oliveira', 'André Costa, Patricia Lima'),
('Lucas Souza', 'Eduardo Santos, Renata Souza'),
('Mariana Silva', 'Marcelo Pereira, Daniela Ferreira'),
('Natan Lima', 'Alexandre Rodrigues, Raquel Lima'),
('Olivia Santos', 'Igor Souza, Tatiana Carvalho'),
('Pedro Almeida', 'Leonardo Santos, Amanda Almeida'),
('Quitéria Oliveira', 'Henrique Lima, Isabela Souza'),
('Ricardo Souza', 'Roberto Oliveira, Simone Ferreira'),
('Sofia Lima', 'Fernando Rodrigues, Juliana Costa'),
('Tiago Costa', 'Gabriel Lima, Flávia Santos');



