INSERT INTO `Clientes` (`ID`, `Nome`, `Email`, `Telefone`, `Endereco`, `Interesses`)
VALUES
(1, 'João Silva', 'joao.silva@email.com', '(11) 99999-9999', 'Rua das Flores, 123, São Paulo, SP', 'Camisetas, Tênis'),
(2, 'Maria Oliveira', 'maria.oliveira@email.com', '(21) 98888-8888', 'Av. Paulista, 456, Rio de Janeiro, RJ', 'Calças, Tênis'),
(3, 'Pedro Santos', 'pedro.santos@email.com', '(31) 97777-7777', 'Rua da Praia, 789, Belo Horizonte, MG', 'Tênis, Camisetas'),
(4, 'Ana Paula', 'ana.paula@email.com', '(41) 96666-6666', 'Rua das Orquídeas, 321, Curitiba, PR', 'Vestidos, Jaquetas'),
(5, 'Carlos Souza', 'carlos.souza@email.com', '(51) 95555-5555', 'Rua dos Lírios, 456, Porto Alegre, RS', 'Camisas, Calças'),
(6, 'Beatriz Lima', 'beatriz.lima@email.com', '(61) 94444-4444', 'Av. Central, 789, Brasília, DF', 'Blusas, Saias'),
(7, 'Lucas Almeida', 'lucas.almeida@email.com', '(71) 93333-3333', 'Rua das Palmeiras, 123, Salvador, BA', 'Bermudas, Camisetas'),
(8, 'Laura Costa', 'laura.costa@email.com', '(81) 92222-2222', 'Rua do Sol, 456, Recife, PE', 'Jaquetas, Tênis'),
(9, 'Marcos Pereira', 'marcos.pereira@email.com', '(91) 91111-1111', 'Av. das Estrelas, 789, Belém, PA', 'Ternos, Sapatos'),
(10, 'Sofia Ferreira', 'sofia.ferreira@email.com', '(11) 90000-0000', 'Rua das Violetas, 321, São Paulo, SP', 'Vestidos, Sandálias'),
(11, 'Rafael Rodrigues', 'rafael.rodrigues@email.com', '(21) 98989-8989', 'Rua das Rosas, 654, Rio de Janeiro, RJ', 'Camisetas, Calças'),
(12, 'Fernanda Melo', 'fernanda.melo@email.com', '(31) 97878-7878', 'Av. das Américas, 321, Belo Horizonte, MG', 'Blusas, Saias'),
(13, 'Gustavo Lima', 'gustavo.lima@email.com', '(41) 96767-6767', 'Rua das Margaridas, 123, Curitiba, PR', 'Bermudas, Tênis'),
(14, 'Aline Souza', 'aline.souza@email.com', '(51) 95656-5656', 'Rua das Acácias, 456, Porto Alegre, RS', 'Vestidos, Jaquetas'),
(15, 'Thiago Silva', 'thiago.silva@email.com', '(61) 94545-4545', 'Rua das Hortênsias, 789, Brasília, DF', 'Ternos, Camisas'),
(16, 'Gabriela Santos', 'gabriela.santos@email.com', '(71) 93434-3434', 'Rua das Palmeiras, 123, Salvador, BA', 'Saias, Blusas'),
(17, 'Felipe Martins', 'felipe.martins@email.com', '(81) 92323-2323', 'Rua do Mar, 456, Recife, PE', 'Bermudas, Camisetas'),
(18, 'Mariana Carvalho', 'mariana.carvalho@email.com', '(91) 91212-1212', 'Rua das Flores, 789, Belém, PA', 'Jaquetas, Sandálias'),
(19, 'Bruno Almeida', 'bruno.almeida@email.com', '(11) 90101-0101', 'Av. Paulista, 123, São Paulo, SP', 'Calças, Tênis'),
(20, 'Camila Oliveira', 'camila.oliveira@email.com', '(21) 99090-9090', 'Rua das Rosas, 456, Rio de Janeiro, RJ', 'Vestidos, Camisetas'),
(21, 'André Costa', 'andre.costa@email.com', '(31) 97979-7979', 'Rua das Palmeiras, 321, Belo Horizonte, MG', 'Ternos, Sapatos'),
(22, 'Patricia Lima', 'patricia.lima@email.com', '(41) 96868-6868', 'Rua das Flores, 654, Curitiba, PR', 'Blusas, Saias'),
(23, 'Eduardo Santos', 'eduardo.santos@email.com', '(51) 95757-5757', 'Rua das Orquídeas, 789, Porto Alegre, RS', 'Bermudas, Camisetas'),
(24, 'Renata Souza', 'renata.souza@email.com', '(61) 94646-4646', 'Av. Central, 123, Brasília, DF', 'Vestidos, Sandálias'),
(25, 'Marcelo Pereira', 'marcelo.pereira@email.com', '(71) 93535-3535', 'Rua das Palmeiras, 456, Salvador, BA', 'Jaquetas, Tênis'),
(26, 'Daniela Ferreira', 'daniela.ferreira@email.com', '(81) 92424-2424', 'Rua do Sol, 789, Recife, PE', 'Saias, Blusas'),
(27, 'Alexandre Rodrigues', 'alexandre.rodrigues@email.com', '(91) 91313-1313', 'Rua das Estrelas, 321, Belém, PA', 'Camisetas, Calças'),
(28, 'Raquel Lima', 'raquel.lima@email.com', '(11) 90202-0202', 'Rua das Violetas, 123, São Paulo, SP', 'Vestidos, Sandálias'),
(29, 'Igor Souza', 'igor.souza@email.com', '(21) 99191-9191', 'Rua das Rosas, 654, Rio de Janeiro, RJ', 'Tênis, Camisetas'),
(30, 'Tatiana Carvalho', 'tatiana.carvalho@email.com', '(31) 98080-8080', 'Av. das Américas, 456, Belo Horizonte, MG', 'Saias, Blusas'),
(31, 'Leonardo Santos', 'leonardo.santos@email.com', '(41) 96969-6969', 'Rua das Margaridas, 321, Curitiba, PR', 'Bermudas, Tênis'),
(32, 'Amanda Almeida', 'amanda.almeida@email.com', '(51) 95858-5858', 'Rua das Acácias, 789, Porto Alegre, RS', 'Vestidos, Jaquetas'),
(33, 'Henrique Lima', 'henrique.lima@email.com', '(61) 94747-4747', 'Rua das Hortênsias, 123, Brasília, DF', 'Ternos, Camisas'),
(34, 'Isabela Souza', 'isabela.souza@email.com', '(71) 93636-3636', 'Rua das Palmeiras, 654, Salvador, BA', 'Saias, Blusas'),
(35, 'Roberto Oliveira', 'roberto.oliveira@email.com', '(81) 92525-2525', 'Rua do Mar, 321, Recife, PE', 'Bermudas, Camisetas'),
(36, 'Simone Ferreira', 'simone.ferreira@email.com', '(91) 91414-1414', 'Rua das Flores, 456, Belém, PA', 'Jaquetas, Sandálias'),
(37, 'Fernando Rodrigues', 'fernando.rodrigues@email.com', '(11) 90303-0303', 'Av. Paulista, 789, São Paulo, SP', 'Calças, Tênis'),
(38, 'Juliana Costa', 'juliana.costa@email.com', '(21) 99292-9292', 'Rua das Rosas, 123, Rio de Janeiro, RJ', 'Vestidos, Camisetas'),
(39, 'Gabriel Lima', 'gabriel.lima@email.com', '(31) 98181-8181', 'Rua das Palmeiras, 456, Belo Horizonte, MG', 'Ternos, Sapatos'),
(40, 'Flávia Santos', 'flavia.santos@email.com', '(41) 97070-7070', 'Rua das Flores, 789, Curitiba, PR', 'Blusas, Saias'),
(41, 'Ricardo Souza', 'ricardo.souza@email.com', '(51) 95959-5959', 'Rua das Orquídeas, 123, Porto Alegre, RS', 'Bermudas, Camisetas'),
(42, 'Vanessa Lima', 'vanessa.lima@email.com', '(61) 94848-4848', 'Av. Central, 456, Brasília, DF', 'Vestidos, Sandálias'),
(43, 'Paulo Pereira', 'paulo.pereira@email.com', '(71) 93737-3737', 'Rua das Palmeiras, 789, Salvador, BA', 'Jaquetas, Tênis'),
(44, 'Elisa Ferreira', 'elisa.ferreira@email.com', '(81) 92626-2626', 'Rua do Sol, 321, Recife, PE', 'Saias, Blusas'),
(45, 'Hugo Rodrigues', 'hugo.rodrigues@email.com', '(91) 91515-1515', 'Rua das Estrelas, 456, Belém, PA', 'Camisetas, Calças'),
(46, 'Clara Oliveira', 'clara.oliveira@email.com', '(11) 90404-0404', 'Rua das Violetas, 789, São Paulo, SP', 'Vestidos, Sandálias'),
(47, 'Andréa Souza', 'andrea.souza@email.com', '(21) 99393-9393', 'Rua das Rosas, 654, Rio de Janeiro, RJ', 'Tênis, Camisetas'),
(48, 'Leandro Carvalho', 'leandro.carvalho@email.com', '(31) 98282-8282', 'Av. das Américas, 123, Belo Horizonte, MG', 'Saias, Blusas'),
(49, 'Bianca Santos', 'bianca.santos@email.com', '(41) 97171-7171', 'Rua das Margaridas, 456, Curitiba, PR', 'Bermudas, Tênis'),
(50, 'Renato Almeida', 'renato.almeida@email.com', '(51) 96060-6060', 'Rua das Acácias, 321, Porto Alegre, RS', 'Vestidos, Jaquetas');


INSERT INTO `Camp_Personalizados_Clientes` (`id_Cliente`, `campo_personalizado`, `detalhe`)
VALUES
(1, 'Comunicação via Mensagens de Texto', 'Cliente deficiente auditivo, comunicação somente via mensagens de texto.'),
(2, 'Informações Detalhadas', 'Cliente sempre com pressa, passar informações completas de forma concisa.'),
(3, 'Preferência por Camisetas', 'Cliente possui grande interesse em camisetas, sempre mostrar novos lançamentos.'),
(4, 'Atendimento Personalizado', 'Cliente gosta de conversar, dar atenção e inserir os produtos na conversa.'),
(5, 'Descontos Frequentes', 'Cliente valoriza muito descontos, sempre informar sobre promoções e ofertas.'),
(6, 'Preferência por Compras Online', 'Cliente prefere fazer compras online, evitar sugerir visitas à loja física.'),
(7, 'Atendimento Rápido', 'Cliente impaciente, fornecer atendimento rápido e direto ao ponto.'),
(8, 'Preferência por Produtos Ecológicos', 'Cliente valoriza produtos ecológicos e sustentáveis, destacar essas características.'),
(9, 'Comunicação via E-mail', 'Cliente prefere comunicação via e-mail, evitar ligações telefônicas.'),
(10, 'Preferência por Vestidos', 'Cliente possui grande interesse em vestidos, sempre mostrar novos lançamentos.'),
(11, 'Atendimento Detalhado', 'Cliente gosta de detalhes sobre os produtos, fornecer descrições completas.'),
(12, 'Atenção Especial', 'Cliente gosta de se sentir especial, utilizar seu nome frequentemente durante a conversa.'),
(13, 'Preferência por Marcas Conhecidas', 'Cliente valoriza produtos de marcas conhecidas, destacar essas opções.'),
(14, 'Evitar Contato Físico', 'Cliente prefere evitar contato físico, sugerir alternativas como entrega em domicílio.'),
(15, 'Preferência por Novidades', 'Cliente gosta de novidades, sempre informar sobre os lançamentos mais recentes.'),
(16, 'Comunicação via WhatsApp', 'Cliente prefere comunicação via WhatsApp, evitar outros meios de contato.'),
(17, 'Atendimento Pessoal', 'Cliente gosta de atendimento pessoal, sugerir visitas à loja e atendimento exclusivo.'),
(18, 'Preferência por Promoções', 'Cliente é atraída por promoções, sempre informar sobre descontos e ofertas especiais.'),
(19, 'Comunicação Formal', 'Cliente prefere comunicação formal e profissional, evitar linguagem informal.'),
(20, 'Atenção a Devoluções', 'Cliente frequentemente faz devoluções, informar claramente sobre a política de trocas e devoluções.'),
(21, 'Preferência por Atendimento Telefônico', 'Cliente prefere atendimento telefônico, evitar outros meios de comunicação.');

INSERT INTO `Atendimentos` (`id_Funcionario`, `id_Cliente`, `data_hora`, `tipo_atendimento`, `conteudo`, `atendimento`)
VALUES
(1, 1, '2024-07-01 10:30', 'Ligação', 'Discutido sobre os novos lançamentos de camisetas e coletadas preferências de cores e tamanhos.', 'disponivel'),
(2, 2, '2024-07-02 14:15', 'Mensagem de Texto', 'Informações sobre disponibilidade de tênis esportivos e ofertas especiais.', 'disponivel'),
(3, 3, '2024-07-03 09:45', 'Ligação', 'Esclarecimentos sobre os tamanhos disponíveis de blusas e sugestões de saias combinando.', 'disponivel'),
(4, 4, '2024-07-04 16:00', 'E-mail', 'Envio de catálogo de bermudas e camisetas com preços promocionais.', 'disponivel'),
(5, 5, '2024-07-05 11:30', 'Ligação', 'Discutido sobre os novos modelos de ternos e agendada uma visita à loja para prova.', 'disponivel'),
(6, 6, '2024-07-06 13:20', 'Mensagem de Texto', 'Atualização sobre o pedido de camisetas básicas e previsão de entrega.', 'disponivel'),
(7, 7, '2024-07-07 15:50', 'E-mail', 'Envio de novidades sobre bermudas esportivas e oferta especial para clientes fidelizados.', 'disponivel'),
(8, 8, '2024-07-08 10:00', 'Ligação', 'Consulta sobre novos modelos de camisas sociais e agendamento de visita para provar ternos.', 'disponivel'),
(9, 9, '2024-07-09 14:30', 'Mensagem de Texto', 'Informações sobre disponibilidade de jaquetas jeans e promoções de inverno.', 'disponivel'),
(10, 10, '2024-07-10 11:00', 'E-mail', 'Envio de catálogo de calças jeans e tênis com descontos exclusivos.', 'disponivel'),
(11, 11, '2024-07-11 16:45', 'Ligação', 'Discussão sobre modelos de sapatos sociais e agendamento de prova de ternos.', 'disponivel'),
(12, 12, '2024-07-12 09:15', 'Mensagem de Texto', 'Atualização sobre o pedido de bermudas e previsão de chegada na loja.', 'disponivel'),
(13, 13, '2024-07-13 14:00', 'E-mail', 'Envio de informações sobre jaquetas de couro e política de trocas.', 'disponivel'),
(14, 14, '2024-07-14 15:30', 'Ligação', 'Consulta sobre preferências de camisetas e calças e agendamento de visita para prova.', 'disponivel'),
(15, 15, '2024-07-15 13:00', 'Mensagem de Texto', 'Informações sobre novos modelos de tênis e previsão de chegada.', 'disponivel'),
(16, 16, '2024-07-16 11:45', 'E-mail', 'Envio de catálogo de bermudas e camisetas com descontos exclusivos.', 'disponivel'),
(17, 17, '2024-07-17 14:10', 'Ligação', 'Discussão sobre modelos de camisas e agendamento de prova de ternos.', 'disponivel'),
(18, 18, '2024-07-18 09:30', 'Mensagem de Texto', 'Atualização sobre o pedido de bermudas e previsão de chegada na loja.', 'disponivel'),
(19, 19, '2024-07-19 15:00', 'E-mail', 'Envio de informações sobre calças jeans e tênis esportivos com descontos especiais.', 'disponivel'),
(20, 20, '2024-07-20 10:20', 'Ligação', 'Consulta sobre novos modelos de sapatos sociais e agendamento de visita para prova.', 'disponivel');

INSERT INTO `Funcionarios` (`ID`, `Nome`, `Email`, `Telefone`, `Cargo`, `HorarioTrabalho`)
VALUES
(1, 'Ana Lima', 'ana.lima@loja.com', '(11) 91111-1111', 'Vendedora', 'Segunda a Sexta, 09:00 - 18:00', 'João Silva, Maria Oliveira'),
(2, 'Bruno Ferreira', 'bruno.ferreira@loja.com', '(21) 92222-2222', 'Vendedor', 'Segunda a Sábado, 10:00 - 19:00', 'Pedro Santos, Ana Paula'),
(3, 'Carla Souza', 'carla.souza@loja.com', '(31) 93333-3333', 'Vendedora', 'Terça a Sábado, 08:00 - 17:00', 'Carlos Souza, Beatriz Lima'),
(4, 'Daniel Costa', 'daniel.costa@loja.com', '(41) 94444-4444', 'Vendedor', 'Segunda a Sexta, 09:00 - 18:00', 'Lucas Almeida, Laura Costa,),
(5, 'Eliane Pereira', 'eliane.pereira@loja.com', '(51) 95555-5555', 'Vendedora', 'Segunda a Sábado, 10:00 - 19:00', 'Marcos Pereira, Sofia Ferreira'),
(6, 'Felipe Mendes', 'felipe.mendes@loja.com', '(61) 96666-6666', 'Vendedor', 'Terça a Sábado, 08:00 - 17:00', 'Rafael Rodrigues, Fernanda Melo'),
(7, 'Gabriela Alves', 'gabriela.alves@loja.com', '(71) 97777-7777', 'Vendedora', 'Segunda a Sexta, 09:00 - 18:00', 'Gustavo Lima, Aline Souza'),
(8, 'Henrique Santos', 'henrique.santos@loja.com', '(81) 98888-8888', 'Vendedor', 'Segunda a Sábado, 10:00 - 19:00', 'Thiago Silva, Gabriela Santos'),
(9, 'Isabel Silva', 'isabel.silva@loja.com', '(91) 99999-9999', 'Vendedora', 'Terça a Sábado, 08:00 - 17:00', 'Felipe Martins, Mariana Carvalho'),
(10, 'Jorge Martins', 'jorge.martins@loja.com', '(11) 90000-0000', 'Vendedor', 'Segunda a Sexta, 09:00 - 18:00', ' Bruno Almeida, Camila Oliveira'),
(11, 'Karina Oliveira', 'karina.oliveira@loja.com', '(21) 98989-8989', 'Vendedora', 'Segunda a Sábado, 10:00 - 19:00', 'André Costa, Patricia Lima'),
(12, 'Lucas Souza', 'lucas.souza@loja.com', '(31) 97878-7878', 'Vendedor', 'Terça a Sábado, 08:00 - 17:00', 'Eduardo Santos, Renata Souza'),
(13, 'Mariana Silva', 'mariana.silva@loja.com', '(41) 96767-6767', 'Vendedora', 'Segunda a Sexta, 09:00 - 18:00', 'Marcelo Pereira, Daniela Ferreira'),
(14, 'Natan Lima', 'natan.lima@loja.com', '(51) 95656-5656', 'Vendedor', 'Segunda a Sábado, 10:00 - 19:00', 'Alexandre Rodrigues, Raquel Lima'),
(15, 'Olivia Santos', 'olivia.santos@loja.com', '(61) 94545-4545', 'Vendedora', 'Terça a Sábado, 08:00 - 17:00', 'Igor Souza, Tatiana Carvalho'),
(16, 'Pedro Almeida', 'pedro.almeida@loja.com', '(71) 93434-3434', 'Vendedor', 'Segunda a Sexta, 09:00 - 18:00', 'Leonardo Santos, Amanda Almeida'),
(17, 'Quitéria Oliveira', 'quiteria.oliveira@loja.com', '(81) 92323-2323', 'Vendedora', 'Segunda a Sábado, 10:00 - 19:00', 'Henrique Lima, Isabela Souza'),
(18, 'Ricardo Souza', 'ricardo.souza@loja.com', '(91) 91212-1212', 'Vendedor', 'Terça a Sábado, 08:00 - 17:00', 'Roberto Oliveira, Simone Ferreira'),
(19, 'Sofia Lima', 'sofia.lima@loja.com', '(11) 90101-0101', 'Vendedora', 'Segunda a Sexta, 09:00 - 18:00', 'Fernando Rodrigues, Juliana Costa'),
(20, 'Tiago Costa', 'tiago.costa@loja.com', '(21) 99090-9090', 'Vendedor', 'Segunda a Sábado, 10:00 - 19:00', 'Gabriel Lima, Flávia Santos');

INSERT INTO `Produtos` (`ID`, `Preco`, `Estoque`, `Variacoes`, `Descricao_Produto`, `Nome_Produto`)
VALUES 
(1, 29.90, 100, 'Tamanhos (P, M, G, GG)', 'Camiseta básica branca 100% algodão', 'Camiseta Básica Branca'),
(2, 29.90, 80, 'Tamanhos (P, M, G, GG)', 'Camiseta básica preta 100% algodão', 'Camiseta Básica Preta'),
(3, 99.90, 50, 'Tamanhos (38, 40, 42, 44)', 'Calça jeans azul escuro', 'Calça Jeans Azul'),
(4, 99.90, 40, 'Tamanhos (38, 40, 42, 44)', 'Calça jeans preta', 'Calça Jeans Preta'),
(5, 199.90, 60, 'Tamanhos (39, 40, 41, 42, 43)', 'Tênis esportivo branco', 'Tênis Esportivo Branco'),
(6, 199.90, 70, 'Tamanhos (39, 40, 41, 42, 43)', 'Tênis esportivo preto', 'Tênis Esportivo Preto'),
(7, 79.90, 30, 'Tamanhos (P, M, G, GG)', 'Camisa social azul claro', 'Camisa Social Azul'),
(8, 79.90, 25, 'Tamanhos (P, M, G, GG)', 'Camisa social branca', 'Camisa Social Branca'),
(9, 129.90, 45, 'Tamanhos (P, M, G)', 'Vestido floral de verão', 'Vestido Floral'),
(10, 139.90, 35, 'Tamanhos (P, M, G)', 'Vestido preto elegante', 'Vestido Preto'),
(11, 159.90, 20, 'Tamanhos (P, M, G, GG)', 'Jaqueta jeans clássica', 'Jaqueta Jeans'),
(12, 299.90, 15, 'Tamanhos (P, M, G, GG)', 'Jaqueta de couro preta', 'Jaqueta de Couro'),
(13, 89.90, 50, 'Tamanhos (P, M, G, GG)', 'Blusa de tricô cinza', 'Blusa de Tricô Cinza'),
(14, 89.90, 45, 'Tamanhos (P, M, G, GG)', 'Blusa de tricô vermelha', 'Blusa de Tricô Vermelha'),
(15, 59.90, 60, 'Tamanhos (38, 40, 42, 44)', 'Bermuda de sarja bege', 'Bermuda de Sarja'),
(16, 69.90, 55, 'Tamanhos (38, 40, 42, 44)', 'Bermuda jeans azul', 'Bermuda Jeans'),
(17, 79.90, 30, 'Tamanhos (P, M, G)', 'Saia midi estampada', 'Saia Midi'),
(18, 69.90, 25, 'Tamanhos (P, M, G)', 'Saia curta preta', 'Saia Curta'),
(19, 99.90, 40, 'Tamanhos (P, M, G, GG)', 'Moletom cinza com capuz', 'Moletom Cinza'),
(20, 99.90, 35, 'Tamanhos (P, M, G, GG)', 'Moletom preto com capuz', 'Moletom Preto'),
(21, 49.90, 70, 'Tamanhos (P, M, G, GG)', 'Short esportivo azul', 'Short Esportivo'),
(22, 39.90, 65, 'Tamanhos (P, M, G, GG)', 'Short de praia colorido', 'Short de Praia'),
(23, 399.90, 10, 'Tamanhos (48, 50, 52, 54)', 'Terno preto clássico', 'Terno Preto'),
(24, 399.90, 12, 'Tamanhos (48, 50, 52, 54)', 'Terno azul marinho', 'Terno Azul Marinho'),
(25, 49.90, 80, 'Tamanhos (P, M, G, GG)', 'Cinto de couro preto', 'Cinto de Couro Preto'),
(26, 49.90, 75, 'Tamanhos (P, M, G, GG)', 'Cinto de couro marrom', 'Cinto de Couro Marrom'),
(27, 29.90, 90, 'Tamanhos (Único)', 'Boné azul com logo', 'Boné Azul'),
(28, 29.90, 85, 'Tamanhos (Único)', 'Boné preto com logo', 'Boné Preto'),
(29, 199.90, 50, 'Cores (Preto, Marrom)', 'Relógio de pulso com pulseira de couro', 'Relógio de Pulso'),
(30, 149.90, 60, 'Cores (Preto, Marrom)', 'Óculos de sol com proteção UV', 'Óculos de Sol'),
(31, 19.90, 100, 'Tamanhos (P, M, G)', 'Par de meias brancas', 'Meias Brancas'),
(32, 19.90, 95, 'Tamanhos (P, M, G)', 'Par de meias pretas', 'Meias Pretas'),
(33, 29.90, 80, 'Cores (Preto, Branco, Cinza)', 'Cueca boxer de algodão', 'Cueca Boxer'),
(34, 39.90, 70, 'Cores (Preto, Branco, Vermelho)', 'Sutiã rendado', 'Sutiã Rendado'),
(35, 99.90, 60, 'Tamanhos (35, 36, 37, 38, 39)', 'Sandália feminina de couro', 'Sandália Feminina'),
(36, 89.90, 55, 'Tamanhos (39, 40, 41, 42, 43)', 'Sandália masculina de couro', 'Sandália Masculina'),
(37, 199.90, 30, 'Tamanhos (35, 36, 37, 38, 39)', 'Bota feminina de cano longo', 'Bota Feminina'),
(38, 199.90, 25, 'Tamanhos (39, 40, 41, 42, 43)', 'Bota masculina de couro', 'Bota Masculina'),
(39, 159.90, 40, 'Tamanhos (39, 40, 41, 42, 43)', 'Sapato social masculino preto', 'Sapato Social Masculino'),
(40, 159.90, 35, 'Tamanhos (35, 36, 37, 38, 39)', 'Sapato social feminino preto', 'Sapato Social Feminino'),
(41, 299.90, 20, 'Tamanhos (48, 50, 52, 54)', 'Blazer masculino azul marinho', 'Blazer Masculino'),
(42, 299.90, 15, 'Tamanhos (P, M, G, GG)', 'Blazer feminino preto', 'Blazer Feminino'),
(43, 29.90, 90, 'Cores (Preto, Branco, Vermelho)', 'Regata esportiva', 'Regata Esportiva'),
(44, 79.90, 50, 'Tamanhos (P, M, G, GG)', 'Calça moletom cinza', 'Calça Moletom'),
(45, 59.90, 40, 'Tamanhos (P, M, G, GG)', 'Camiseta polo azul', 'Camiseta Polo'),
(46, 49.90, 70, 'Tamanhos (P, M, G, GG)', 'Camiseta estampada', 'Camiseta Estampada'),
(47, 149.90, 25, 'Cores (Preto, Vermelho, Azul)', 'Jaqueta de nylon', 'Jaqueta de Nylon'),
(48, 29.90, 60, 'Cores (Preto, Cinza, Vermelho)', 'Gorro de lã', 'Gorro de Lã'),
(49, 29.90, 50, 'Cores (Preto, Cinza, Vermelho)', 'Par de luvas de lã', 'Luvas de Lã'),
(50, 39.90, 40, 'Cores (Preto, Branco, Vermelho)', 'Cachecol de lã', 'Cachecol de Lã'),
(51, 59.90, 70, 'Cores (Branco, Azul, Preto)', 'Camiseta com proteção UV', 'Camiseta UV'),
(52, 39.90, 30, 'Tamanhos (Único)', 'Chapéu de palha para praia', 'Chapéu de Palha'),
(53, 89.90, 50, 'Tamanhos (35, 36, 37, 38, 39)', 'Sapatilha feminina preta', 'Sapatilha Feminina'),
(54, 29.90, 100, 'Cores (Preto, Azul, Branco)', 'Chinelo de borracha', 'Chinelo de Borracha'),
(55, 69.90, 60, 'Tamanhos (P, M, G, GG)', 'Calça legging preta', 'Calça Legging'),
(56, 49.90, 40, 'Cores (Preto, Branco, Rosa)', 'Blusa canelada', 'Blusa Canelada'),
(57, 39.90, 80, 'Cores (Branco, Preto, Cinza)', 'Camiseta 100% algodão', 'Camiseta de Algodão'),
(58, 119.90, 30, 'Cores (Preto, Azul)', 'Colete masculino', 'Colete Masculino'),
(59, 119.90, 25, 'Cores (Preto, Vermelho)', 'Colete feminino', 'Colete Feminino'),
(60, 149.90, 40, 'Tamanhos (P, M, G)', 'Macacão feminino', 'Macacão Feminino'),
(61, 49.90, 70, 'Tamanhos (P, M, G, GG)', 'Calça pijama', 'Calça Pijama'),
(62, 129.90, 35, 'Tamanhos (P, M, G, GG)', 'Jaqueta esportiva', 'Jaqueta Esportiva'),
(63, 59.90, 60, 'Cores (Preto, Branco, Cinza)', 'Camiseta manga longa', 'Camiseta Manga Longa'),
(64, 39.90, 70, 'Tamanhos (P, M, G, GG)', 'Bermuda esportiva', 'Bermuda Esportiva'),
(65, 159.90, 30, 'Tamanhos (P, M, G)', 'Vestido longo', 'Vestido Longo'),
(66, 79.90, 40, 'Tamanhos (38, 40, 42, 44)', 'Bermuda tática', 'Bermuda Tática'),
(67, 99.90, 50, 'Tamanhos (38, 40, 42, 44)', 'Calça carga', 'Calça Carga'),
(68, 89.90, 55, 'Tamanhos (P, M, G, GG)', 'Blusa de moletom', 'Blusa de Moletom'),
(69, 29.90, 80, 'Cores (Branco, Preto, Rosa)', 'Regata feminina', 'Regata Feminina'),
(70, 49.90, 70, 'Cores (Preto/Branco, Cinza/Preto)', 'Camiseta raglan', 'Camiseta Raglan'),
(71, 79.90, 30, 'Tamanhos (P, M, G, GG)','Calça de velo', 'Calça de Velo');
